[
    {
        "uid": 3484,
        "name": "Chénghǎizi, Shantou (汕头澄海子站)",
        "lat": 23.4714,
        "lng": 116.7519
    },
    {
        "uid": 14302,
        "name": "平远大道,  (梅州市平远大道)",
        "lat": 24.334994,
        "lng": 115.533932
    },
    {
        "uid": 14474,
        "name": "燕山学校, Shenzhen (宝安区 燕罗街道)",
        "lat": 22.797689,
        "lng": 113.854874
    },
    {
        "uid": 14291,
        "name": "佛冈沿江,  (清远市佛冈沿江)",
        "lat": 23.8825,
        "lng": 113.5238
    },
    {
        "uid": 14243,
        "name": "阳山城北,  (清远市阳山城北)",
        "lat": 24.477909,
        "lng": 112.642972
    },
    {
        "uid": 7195,
        "name": "hé chéngzi zhàn, Guigang (贵港荷城子站)",
        "lat": 23.1036,
        "lng": 109.5683
    },
    {
        "uid": 1647,
        "name": "Hualien, Taiwan (花蓮)",
        "lat": 23.971306,
        "lng": 121.599769
    },
    {
        "uid": 14647,
        "name": "North/Taipower Linkou, Taiwan",
        "lat": 25.119065,
        "lng": 121.301174
    },
    {
        "uid": 7220,
        "name": "City convenient service centers, Wenshan (文山州市便民服务中心)",
        "lat": 23.3892,
        "lng": 104.2319
    },
    {
        "uid": 1831,
        "name": "Knowledge Park, Phayao, Thailand (อุทยานการเรียนรู้กว๊านพะเยา)",
        "lat": 19.200226,
        "lng": 99.893048
    },
    {
        "uid": 2481,
        "name": "Maezato, Ishigaki, Okinawa, Japan (石垣石垣市)",
        "lat": 24.3403337,
        "lng": 124.1872098
    },
    {
        "uid": 14253,
        "name": "南雄雄州,  (韶关市南雄雄州)",
        "lat": 25.123573,
        "lng": 114.314717
    },
    {
        "uid": 14525,
        "name": "南苑二区, Qujing (曲靖南苑二区)",
        "lat": 25.462,
        "lng": 103.7947
    },
    {
        "uid": 784,
        "name": "Dòumén, Zhuhai (珠海斗门)",
        "lat": 22.2281,
        "lng": 113.299
    },
    {
        "uid": 2591,
        "name": "Balok Baru, Kuantan, Pahang, Malaysia",
        "lat": 3.960644,
        "lng": 103.382158
    },
    {
        "uid": 4295,
        "name": "Gaoling, Maoming (茂名高岭)",
        "lat": 21.6828,
        "lng": 110.8592
    },
    {
        "uid": 1814,
        "name": "Highway District, Samut Sakhon, Thailand (แขวงการทางสมุทรสาคร)",
        "lat": 13.7054879,
        "lng": 100.315622
    },
    {
        "uid": 737,
        "name": "Ouhai, Wenzhou (温州市瓯海)",
        "lat": 28.005239,
        "lng": 120.638037
    },
    {
        "uid": 3513,
        "name": "Heyuan (河源)",
        "lat": 23.743538,
        "lng": 114.700447
    },
    {
        "uid": 7185,
        "name": "lóng xīn, Wuzhou (梧州龙新)",
        "lat": 23.4794,
        "lng": 111.26
    },
    {
        "uid": 1333,
        "name": "Běihú, Nanning (南宁北湖)",
        "lat": 22.8561,
        "lng": 108.316
    },
    {
        "uid": 13841,
        "name": "Maros, Indonesia",
        "lat": -4.997,
        "lng": 119.57
    },
    {
        "uid": 1381,
        "name": "Dongfeng East Road, Kunming (昆明东风东路)",
        "lat": 25.0405,
        "lng": 102.722
    },
    {
        "uid": 1342,
        "name": "Xiuying Hainan Hospital, Haikou (海口秀英海南医院)",
        "lat": 20.0053,
        "lng": 110.283
    },
    {
        "uid": 3451,
        "name": "EPA Station, Liuzhou (柳州环保监测站)",
        "lat": 24.3304,
        "lng": 109.4108
    },
    {
        "uid": 9501,
        "name": "Mukah, Sarawak, Malaysia",
        "lat": 2.883238,
        "lng": 112.019742
    },
    {
        "uid": 14347,
        "name": "南沙街,  (广州市南沙街)",
        "lat": 22.7896,
        "lng": 113.5342
    },
    {
        "uid": 1378,
        "name": "Chenggong New Area, Kunming (昆明呈贡新区)",
        "lat": 24.8885,
        "lng": 102.821
    },
    {
        "uid": 5107,
        "name": "Government Center, Rayong, Thailand (ศูนย์ราชการระยอง)",
        "lat": 12.7066,
        "lng": 101.18055
    },
    {
        "uid": 4260,
        "name": "City Environmental Monitoring Station, Zhanjiang (湛江市环境监测站)",
        "lat": 21.2228,
        "lng": 110.3928
    },
    {
        "uid": 12809,
        "name": "Sikulpuikawn, Aizawl, India",
        "lat": 23.7176342,
        "lng": 92.7192841
    },
    {
        "uid": 1540,
        "name": "Zhuhai (珠海)",
        "lat": 22.270715,
        "lng": 113.576726
    },
    {
        "uid": 13636,
        "name": "72nd Anniversary King Bhumibol Public Park, Uttaradit, Thailand (สวนมหามงคลเฉลิมพระชนมพรรษา 6 รอบ 5 ธันวาคม 2552 อุตรดิตถ์)",
        "lat": 17.631352,
        "lng": 100.09896
    },
    {
        "uid": 1625,
        "name": "Puzi, Taiwan (朴子)",
        "lat": 23.465308,
        "lng": 120.24735
    },
    {
        "uid": 7179,
        "name": "Ningde Stations, Ningde (宁德宁德市监测站)",
        "lat": 26.6611,
        "lng": 119.5392
    },
    {
        "uid": 14312,
        "name": "惠来惠城,  (揭阳市惠来惠城)",
        "lat": 23.036388,
        "lng": 116.289722
    },
    {
        "uid": 3487,
        "name": "Bìhú shānzhuāng, Shaoguan (韶关碧湖山庄)",
        "lat": 24.81119444,
        "lng": 113.5593889
    },
    {
        "uid": 13654,
        "name": "Sorong, Indonesia",
        "lat": -0.8634105,
        "lng": 131.2544805
    },
    {
        "uid": 14221,
        "name": "广宁庄前西,  (肇庆市广宁庄前西)",
        "lat": 23.638817,
        "lng": 112.43656
    },
    {
        "uid": 7180,
        "name": "yīng huá jiā yuán, Nanning (南宁英华嘉园)",
        "lat": 22.735,
        "lng": 108.328
    },
    {
        "uid": 7200,
        "name": "Blood Center, Baise (百色市中心血站)",
        "lat": 23.8844,
        "lng": 106.6527
    },
    {
        "uid": 13802,
        "name": "Naharlagun, Naharlagun, India",
        "lat": 27.103358,
        "lng": 93.679645
    },
    {
        "uid": 2622,
        "name": "Kemaman, Terengganu, Malaysia",
        "lat": 4.262121,
        "lng": 103.425778
    },
    {
        "uid": 14360,
        "name": "沙湖,  (江门市沙湖)",
        "lat": 22.3517,
        "lng": 112.4686
    },
    {
        "uid": 9492,
        "name": "Segamat, Johor, Malaysia",
        "lat": 2.493914,
        "lng": 102.862694
    },
    {
        "uid": 1301,
        "name": "Hongwen, Xiamen (厦门洪文)",
        "lat": 24.476666667,
        "lng": 118.15138889
    },
    {
        "uid": 7039,
        "name": "xī mǎ, Jieyang (揭阳西马)",
        "lat": 23.5486,
        "lng": 116.3242
    },
    {
        "uid": 14518,
        "name": "Puer No2 middle school, Puer (普洱普洱第二中学)",
        "lat": 22.8322,
        "lng": 100.9817
    },
    {
        "uid": 13644,
        "name": "Bengkulu, Indonesia",
        "lat": -3.865,
        "lng": 102.312
    },
    {
        "uid": 1327,
        "name": "Wujialing, Changsha (长沙伍家岭)",
        "lat": 28.2597,
        "lng": 112.9792
    },
    {
        "uid": 1337,
        "name": "District Agricultural Vocational College, Nanning (南宁区农职院)",
        "lat": 22.8464,
        "lng": 108.239
    },
    {
        "uid": 14646,
        "name": "Hua-Tung/Taitung County/Fengli, Taiwan",
        "lat": 22.73681667,
        "lng": 121.12183611
    },
    {
        "uid": 7913,
        "name": "Lijiang (丽江)",
        "lat": 26.855047,
        "lng": 100.227751
    },
    {
        "uid": 2616,
        "name": "Sri Aman, Sarawak, Malaysia",
        "lat": 1.219656,
        "lng": 111.464792
    },
    {
        "uid": 14218,
        "name": "罗定罗光,  (云浮市罗定罗光)",
        "lat": 22.578889,
        "lng": 111.342222
    },
    {
        "uid": 8294,
        "name": "Kemayoran, Indonesia",
        "lat": -6.155,
        "lng": 106.846
    },
    {
        "uid": 8288,
        "name": "Pekanbaru, Indonesia",
        "lat": 0.46667,
        "lng": 101.4666
    },
    {
        "uid": 12795,
        "name": "T.Meechai A.Muang Nongkhai Province, Thailand (ต.มีชัย อ.เมืองหนองคาย จ.หนองคาย)",
        "lat": 17.87748,
        "lng": 102.728925
    },
    {
        "uid": 14641,
        "name": "Thái Bình/Trạm quan trắc khí tại Thái Thụy, Vietnam",
        "lat": 20.461641,
        "lng": 106.516972
    },
    {
        "uid": 4693,
        "name": "Bangkok University Rangsit Campus, Pathum Thani, Thailand (มหาวิทยาลัยกรุงเทพ วิทยาเขตรังสิต)",
        "lat": 14.03742,
        "lng": 100.605216
    },
    {
        "uid": 14223,
        "name": "高新知青,  (肇庆市高新知青)",
        "lat": 23.309117,
        "lng": 112.818562
    },
    {
        "uid": 7825,
        "name": "shì huàgōng chǎng, Shaoyang (邵阳市化工厂)",
        "lat": 27.2582,
        "lng": 111.4908
    },
    {
        "uid": 8114,
        "name": "Temburong, Brunei",
        "lat": 4.6204128,
        "lng": 115.141484
    },
    {
        "uid": 14217,
        "name": "台山端芬,  (江门市台山端芬)",
        "lat": 22.0608,
        "lng": 112.607
    },
    {
        "uid": 10481,
        "name": "Pak Prak, Kanchanaburi, Kanchanaburi, Thailand (ต.ปากแพรก อ.เมือง จ.กาญจนบุรี)",
        "lat": 14.022376,
        "lng": 99.536195
    },
    {
        "uid": 1823,
        "name": "Lampang Meteorological Station, Thailand (สถานีอุตุนิยมวิทยาลำปาง)",
        "lat": 18.2783333,
        "lng": 99.5064666
    },
    {
        "uid": 1622,
        "name": "Douliu, Taiwan (斗六)",
        "lat": 23.711853,
        "lng": 120.544994
    },
    {
        "uid": 14298,
        "name": "龙川同德,  (河源市龙川同德)",
        "lat": 24.103725,
        "lng": 115.263852
    },
    {
        "uid": 7558,
        "name": "State Stations, Nujiang (怒江州州监测站)",
        "lat": 25.8567,
        "lng": 98.8601
    },
    {
        "uid": 13647,
        "name": "Malang, Indonesia",
        "lat": -7.9551897,
        "lng": 112.6119383
    },
    {
        "uid": 14319,
        "name": "阳西城区,  (阳江市阳西城区)",
        "lat": 21.756039,
        "lng": 111.613483
    },
    {
        "uid": 14322,
        "name": "遂溪建设,  (湛江市遂溪建设)",
        "lat": 21.382778,
        "lng": 110.247778
    },
    {
        "uid": 14297,
        "name": "连平东园,  (河源市连平东园)",
        "lat": 24.366944,
        "lng": 114.492777
    },
    {
        "uid": 13724,
        "name": "PWD Juction, Kohima, India",
        "lat": 25.6635413,
        "lng": 94.0989878
    },
    {
        "uid": 1649,
        "name": "Yilan, Taiwan (宜蘭)",
        "lat": 24.747917,
        "lng": 121.746394
    },
    {
        "uid": 7816,
        "name": "City committee communist party school, Huaihua (怀化市委党校)",
        "lat": 27.583,
        "lng": 110.0394
    },
    {
        "uid": 1849,
        "name": "General Education Office, Chonburi, Thailand (สำนักงานสามัญศึกษาชลบุรี)",
        "lat": 13.35461667,
        "lng": 100.9792167
    },
    {
        "uid": 2618,
        "name": "Kuala Selangor, Selangor, Malaysia",
        "lat": 3.321308,
        "lng": 101.256242
    },
    {
        "uid": 14327,
        "name": "高州红荔,  (茂名市高州红荔)",
        "lat": 21.899266,
        "lng": 110.837736
    },
    {
        "uid": 2614,
        "name": "Sarikei, Sarawak, Malaysia",
        "lat": 2.132809,
        "lng": 111.52287
    },
    {
        "uid": 8289,
        "name": "Jambi, Indonesia",
        "lat": -1.6318964,
        "lng": 103.6414547
    },
    {
        "uid": 10490,
        "name": "Pangkalanbun, Indonesia",
        "lat": -2.676583,
        "lng": 111.626448
    },
    {
        "uid": 8117,
        "name": "Pekan Tutong, Brunei",
        "lat": 4.8140524,
        "lng": 114.6608562
    },
    {
        "uid": 2595,
        "name": "Kg. Air Putih, Taiping, Perak, Malaysia",
        "lat": 4.89885,
        "lng": 100.679106
    },
    {
        "uid": 14324,
        "name": "徐闻东方路,  (湛江市徐闻东方路)",
        "lat": 20.342398,
        "lng": 110.198618
    },
    {
        "uid": 4341,
        "name": "Meizhou (梅州)",
        "lat": 24.288615,
        "lng": 116.122239
    },
    {
        "uid": 14526,
        "name": "曲靖师范学院, Qujing (曲靖曲靖师范学院)",
        "lat": 25.5261,
        "lng": 103.7444
    },
    {
        "uid": 8342,
        "name": "Palangka Raya, Indonesia",
        "lat": -2.22611,
        "lng": 113.945
    },
    {
        "uid": 2615,
        "name": "Sibu, Sarawak, Malaysia",
        "lat": 2.314408,
        "lng": 111.831916
    },
    {
        "uid": 8287,
        "name": "Medan, Indonesia",
        "lat": 3.59,
        "lng": 98.85
    },
    {
        "uid": 7189,
        "name": "City EPA station, Qinzhou (钦州市环保站)",
        "lat": 21.9667,
        "lng": 108.6236
    },
    {
        "uid": 2487,
        "name": "Yonagusuku, Okinawa, Japan (西原中頭郡西原町)",
        "lat": 26.2218696,
        "lng": 127.7578608
    },
    {
        "uid": 14245,
        "name": "连山广德,  (清远市连山广德)",
        "lat": 24.572861,
        "lng": 112.105194
    },
    {
        "uid": 7906,
        "name": "Shaoyang (邵阳)",
        "lat": 27.238893,
        "lng": 111.467791
    },
    {
        "uid": 13645,
        "name": "Kotabaru, Indonesia",
        "lat": -3.3,
        "lng": 116.17
    },
    {
        "uid": 1870,
        "name": "Provincial Health Office, Loei, Thailand (สำนักงานสาธารณสุขจังหวัดเลย)",
        "lat": 17.4525229,
        "lng": 101.7272395
    },
    {
        "uid": 1658,
        "name": "Kinmen, Taiwan (金門)",
        "lat": 24.432133,
        "lng": 118.312256
    },
    {
        "uid": 7798,
        "name": "tóng yuán dǎng xī, Fuzhoushi (抚州桐源党溪)",
        "lat": 28.0797,
        "lng": 116.2239
    },
    {
        "uid": 2607,
        "name": "Bintulu, Sarawak, Malaysia",
        "lat": 3.177084,
        "lng": 113.041091
    },
    {
        "uid": 2581,
        "name": "Alor Setar, Kedah, Malaysia",
        "lat": 6.137244,
        "lng": 100.346815
    },
    {
        "uid": 2486,
        "name": "Hirara, Miyakojima, Okinawa, Japan (平良宮古島市)",
        "lat": 24.8035377,
        "lng": 125.2879675
    },
    {
        "uid": 14306,
        "name": "惠东莲花地,  (惠州市惠东莲花地)",
        "lat": 22.99122,
        "lng": 114.737797
    },
    {
        "uid": 14239,
        "name": "新丰丰城,  (韶关市新丰丰城)",
        "lat": 24.064879,
        "lng": 114.232013
    },
    {
        "uid": 14334,
        "name": "新兴南外,  (云浮市新兴南外)",
        "lat": 22.694085,
        "lng": 112.234114
    },
    {
        "uid": 7205,
        "name": "shì jí kòng zhōngxīn, Hechi (河池市疾控中心)",
        "lat": 24.6967,
        "lng": 108.1009
    },
    {
        "uid": 7834,
        "name": "City committee communist party school, Loudi (娄底市委党校)",
        "lat": 27.7314,
        "lng": 112.0194
    },
    {
        "uid": 9494,
        "name": "Kluang, Johor, Malaysia",
        "lat": 2.037882,
        "lng": 103.312063
    },
    {
        "uid": 14522,
        "name": "质量技术监督局, Diqing (迪庆州质量技术监督局)",
        "lat": 27.8094,
        "lng": 99.7136
    },
    {
        "uid": 1656,
        "name": "Puli, Taiwan (埔里)",
        "lat": 23.968842,
        "lng": 120.967903
    },
    {
        "uid": 4293,
        "name": "Mazhang EPA, Zhanjiang (湛江麻章区环保局)",
        "lat": 21.2679,
        "lng": 110.3316
    },
    {
        "uid": 1868,
        "name": "Provincial Administrative Stadium, Lamphun, Thailand (สนามกีฬาองค์การบริหารส่วนจังหวัดลำพูน)",
        "lat": 18.567194,
        "lng": 99.038639
    },
    {
        "uid": 7082,
        "name": "Lengshuitan District Environmental Protection Bureau, Yongzhou (永州冷水滩区环保局)",
        "lat": 26.4519,
        "lng": 111.5989
    },
    {
        "uid": 13630,
        "name": "Meteorological stations, Nakhon Phanom, Thailand (สถานีอุตุนิยมวิทยานครพนม)",
        "lat": 17.412345,
        "lng": 104.7786123
    },
    {
        "uid": 7219,
        "name": "State Water Authority, Wenshan (文山州州水务局)",
        "lat": 23.3594,
        "lng": 104.2533
    },
    {
        "uid": 1664,
        "name": "East, Singapore",
        "lat": 1.3645924,
        "lng": 103.9477547
    },
    {
        "uid": 8116,
        "name": "Kuala Belait, Brunei",
        "lat": 4.5831986,
        "lng": 114.2212174
    },
    {
        "uid": 2604,
        "name": "Kota Kinabalu, Sabah, Malaysia",
        "lat": 5.89372,
        "lng": 116.04327
    },
    {
        "uid": 1645,
        "name": "Hengchun, Taiwan (恆春)",
        "lat": 21.958069,
        "lng": 120.788928
    },
    {
        "uid": 9496,
        "name": "Rompin, Pahang, Malaysia",
        "lat": 2.926645,
        "lng": 103.419198
    },
    {
        "uid": 4435,
        "name": "Hedongzi Station, Sanya (三亚河东子站)",
        "lat": 18.2489,
        "lng": 109.5078
    },
    {
        "uid": 8688,
        "name": "United Nations International School of Hanoi, Vietnam (Trường Quốc tế Liên Hợp Quốc Hà Nội)",
        "lat": 21.0811211,
        "lng": 105.8180306
    },
    {
        "uid": 14903,
        "name": "Talang Betutu Palembang, Indonesia",
        "lat": -2.94,
        "lng": 104.7
    },
    {
        "uid": 9858,
        "name": "mùyáng, Yunfu (云浮牧羊)",
        "lat": 22.9539,
        "lng": 112.0539
    },
    {
        "uid": 12593,
        "name": "Yun-Chia-Nan/Tainan City/Chengxili, Taiwan",
        "lat": 23.0426,
        "lng": 120.1547
    },
    {
        "uid": 2586,
        "name": "Bandaraya Melaka, Melaka, Malaysia",
        "lat": 2.190936,
        "lng": 102.257058
    },
    {
        "uid": 14232,
        "name": "信宜新尚,  (茂名市信宜新尚)",
        "lat": 22.35912,
        "lng": 110.940261
    },
    {
        "uid": 7175,
        "name": "Minxi Vocational and Technical College, Longyan (龙岩闽西职业技术学院)",
        "lat": 25.0661,
        "lng": 117.0256
    },
    {
        "uid": 7783,
        "name": "sānchuān shuǐbiǎo, Yingtan (鹰潭三川水表)",
        "lat": 28.2169,
        "lng": 116.9983
    },
    {
        "uid": 13655,
        "name": "Supadio, Indonesia",
        "lat": -0.14,
        "lng": 109.45
    },
    {
        "uid": 12907,
        "name": "Kao-ping/Taipower Funglin, Taiwan",
        "lat": 22.526486,
        "lng": 120.34199
    },
    {
        "uid": 2597,
        "name": "Seri Manjung, Perak, Malaysia",
        "lat": 4.200344,
        "lng": 100.663358
    },
    {
        "uid": 1828,
        "name": "Natural Resources and Environment Office, Chiangrai, Thailand (สำนักงานทรัพยากรธรรมชาติและสิ่งแวดล้อมจังหวัดเชียงราย)",
        "lat": 19.909217,
        "lng": 99.823467
    },
    {
        "uid": 1608,
        "name": "Zhudong, Taiwan (竹東)",
        "lat": 24.740644,
        "lng": 121.088903
    },
    {
        "uid": 2589,
        "name": "Port Dickson, Negeri Sembilan, Malaysia",
        "lat": 2.441383,
        "lng": 101.866858
    },
    {
        "uid": 3490,
        "name": "Qujiang Monitoring Station, Shaoguan (韶关曲江监测站)",
        "lat": 24.68636111,
        "lng": 113.5970833
    },
    {
        "uid": 8293,
        "name": "Samarinda, Indonesia",
        "lat": -0.4825,
        "lng": 117.1563
    },
    {
        "uid": 14274,
        "name": "高栏南水,  (珠海市高栏南水)",
        "lat": 22.030726,
        "lng": 113.249112
    },
    {
        "uid": 12598,
        "name": "Central/Taipower Wuchi, Taiwan",
        "lat": 24.250509,
        "lng": 120.539089
    },
    {
        "uid": 14238,
        "name": "陆河河田,  (汕尾市陆河河田)",
        "lat": 23.1819,
        "lng": 115.40912
    },
    {
        "uid": 2611,
        "name": "Limbang, Sarawak, Malaysia",
        "lat": 4.758891,
        "lng": 115.013667
    },
    {
        "uid": 5506,
        "name": "Viet Tri, Vietnam (Tp Việt Trì)",
        "lat": 21.33847,
        "lng": 105.3673
    },
    {
        "uid": 3423,
        "name": "Jīntóu bù, Quanzhou (泉州津头埔)",
        "lat": 24.8978,
        "lng": 118.5972
    },
    {
        "uid": 1653,
        "name": "Zhushan, Taiwan (竹山)",
        "lat": 23.756389,
        "lng": 120.677306
    },
    {
        "uid": 14227,
        "name": "鹤山南山,  (江门市鹤山南山)",
        "lat": 22.763923,
        "lng": 112.969881
    },
    {
        "uid": 7162,
        "name": "sān gāng, Sanming (三明三钢)",
        "lat": 26.2625,
        "lng": 117.6211
    },
    {
        "uid": 1533,
        "name": "Zhuzhou (株洲)",
        "lat": 27.82755,
        "lng": 113.134003
    },
    {
        "uid": 2626,
        "name": "Cheras,Kuala Lumpur, Wilayah Persekutuan, Malaysia",
        "lat": 3.106236,
        "lng": 101.717917
    },
    {
        "uid": 9013,
        "name": "Mae Pa,Mae Sot,Tak, Thailand (ต.แม่ปะ อ.แม่สอด จ.ตาก)",
        "lat": 16.734413,
        "lng": 98.566961
    },
    {
        "uid": 3756,
        "name": "Okinawa, Japan (国設辺戸岬酸性雨国頭郡国頭村)",
        "lat": 26.745635,
        "lng": 128.1779073
    },
    {
        "uid": 738,
        "name": "Longwan, Wenzhou (温州市龙湾)",
        "lat": 27.971359,
        "lng": 120.764294
    },
    {
        "uid": 7030,
        "name": "yuán xī, Heyuan (河源源西)",
        "lat": 23.7569,
        "lng": 114.6778
    },
    {
        "uid": 2588,
        "name": "Nilai, Negeri Sembilan, Malaysia",
        "lat": 2.821692,
        "lng": 101.811486
    },
    {
        "uid": 7829,
        "name": "shì zhí zhōng, Chenzhou (郴州市职中)",
        "lat": 25.8226,
        "lng": 113.0116
    },
    {
        "uid": 3608,
        "name": "Bingcaogang, Panzhihua (攀枝花炳草岗)",
        "lat": 26.585,
        "lng": 101.7169
    },
    {
        "uid": 14241,
        "name": "大埔湖寮,  (梅州市大埔湖寮)",
        "lat": 24.210664,
        "lng": 116.411486
    },
    {
        "uid": 8322,
        "name": "Health Promotion Hospital Ban Khao Hin,Chonburi, Thailand (โรงพยาบาลส่งเสริมสุขภาพตำบลบ้านเขาหิน ชลบุรี)",
        "lat": 13.054551,
        "lng": 101.098128
    },
    {
        "uid": 1650,
        "name": "Dongshan, Taiwan (冬山)",
        "lat": 24.632203,
        "lng": 121.792928
    },
    {
        "uid": 7835,
        "name": "lián gāng, Loudi (娄底涟钢)",
        "lat": 27.7569,
        "lng": 111.9561
    },
    {
        "uid": 14528,
        "name": "晋宁区生态环境分局, Kunming (昆明晋宁区生态环境分局)",
        "lat": 24.6736,
        "lng": 102.5967
    },
    {
        "uid": 2627,
        "name": "Labuan, Wilayah Persekutuan, Malaysia",
        "lat": 5.298107,
        "lng": 115.232106
    },
    {
        "uid": 9014,
        "name": "Tha Tum, Si Maha Phot, Prachin Buri, Thailand (ต.ท่าตูม อ.ศรีมหาโพธิ จ.ปราจีนบุรี)",
        "lat": 13.917563,
        "lng": 101.590529
    },
    {
        "uid": 12797,
        "name": "Nai Mueang,Mueang,Ubon Ratchathani , Thailand (ต.ในเมือง อ.เมือง จ.อุบลราชธานี)",
        "lat": 15.245413,
        "lng": 104.846219
    },
    {
        "uid": 13651,
        "name": "Semarang, Indonesia",
        "lat": -6.985,
        "lng": 110.381
    },
    {
        "uid": 14220,
        "name": "丰顺八乡山,  (梅州市丰顺八乡山)",
        "lat": 23.462,
        "lng": 115.5754
    },
    {
        "uid": 14230,
        "name": "怀集三江口,  (肇庆市怀集三江口)",
        "lat": 23.925704,
        "lng": 112.173061
    },
    {
        "uid": 12796,
        "name": "Lat Yai,Mueang,Samut Songkhram, Thailand (ต.ลาดใหญ่ อ.เมือง จ.สมุทรสงคราม)",
        "lat": 13.428581,
        "lng": 100.024664
    },
    {
        "uid": 7776,
        "name": "Municipal Garage, Pingxiang (萍乡市政府车库)",
        "lat": 27.6231,
        "lng": 113.8447
    },
    {
        "uid": 1657,
        "name": "Matsu, Taiwan (馬祖)",
        "lat": 26.160469,
        "lng": 119.949875
    },
    {
        "uid": 1665,
        "name": "West, Singapore",
        "lat": 1.3880078,
        "lng": 103.698064
    },
    {
        "uid": 2623,
        "name": "Kuala Terengganu, Terengganu, Malaysia",
        "lat": 5.308094,
        "lng": 103.120392
    },
    {
        "uid": 14320,
        "name": "雷州朝南,  (湛江市雷州朝南)",
        "lat": 20.913124,
        "lng": 110.105929
    },
    {
        "uid": 7171,
        "name": "Nanping Aluminum Co., Ltd., Nanping (南平南平铝业有限公司)",
        "lat": 26.6514,
        "lng": 118.1819
    },
    {
        "uid": 7785,
        "name": "de wěi, Ganzhou (赣州地委)",
        "lat": 25.8664,
        "lng": 114.9367
    },
    {
        "uid": 1552,
        "name": "Guilin (桂林)",
        "lat": 25.273566,
        "lng": 110.290195
    },
    {
        "uid": 2606,
        "name": "Tawau, Sabah, Malaysia",
        "lat": 4.249786,
        "lng": 117.935864
    },
    {
        "uid": 13631,
        "name": "Meteorological stations, Sakon Nakhon, Thailand (สถานีอุตุนิยมวิทยาสกลนคร)",
        "lat": 17.15662,
        "lng": 104.133216
    },
    {
        "uid": 14331,
        "name": "高要湖西,  (肇庆市高要湖西)",
        "lat": 23.0166,
        "lng": 112.4575
    },
    {
        "uid": 7793,
        "name": "bīnláng shuǐ yè, Yichun (宜春槟榔水业)",
        "lat": 27.8036,
        "lng": 114.3442
    },
    {
        "uid": 14248,
        "name": "连州城西,  (清远市连州城西)",
        "lat": 24.782297,
        "lng": 112.365836
    },
    {
        "uid": 7557,
        "name": "Monitoring station, Honghe (红河州监测站)",
        "lat": 23.4168,
        "lng": 103.386
    },
    {
        "uid": 1830,
        "name": "Phrae Meteorological Station, Thailand (สถานีอุตุนิยมวิทยาแพร่)",
        "lat": 18.1283666,
        "lng": 100.1624333
    },
    {
        "uid": 14304,
        "name": "兴宁南坛,  (梅州市兴宁南坛)",
        "lat": 24.81406,
        "lng": 115.435232
    },
    {
        "uid": 7209,
        "name": "City Environmental Monitoring Station, Baoshan (保山市环境监测站)",
        "lat": 25.1081,
        "lng": 99.1678
    },
    {
        "uid": 9498,
        "name": "Besut, Terengganu, Malaysia",
        "lat": 5.748449,
        "lng": 102.515632
    },
    {
        "uid": 10484,
        "name": "Tangkak, Johor, Malaysia",
        "lat": 2.294794,
        "lng": 102.571595
    },
    {
        "uid": 14252,
        "name": "丰顺汤坑,  (梅州市丰顺汤坑)",
        "lat": 23.4433,
        "lng": 116.1057
    },
    {
        "uid": 1586,
        "name": "Keelung, Taiwan (基隆)",
        "lat": 25.129167,
        "lng": 121.760056
    },
    {
        "uid": 7878,
        "name": "Yingtan (鹰潭)",
        "lat": 28.260189,
        "lng": 117.069202
    },
    {
        "uid": 803,
        "name": "Běijiē, Jiangmen (江门北街)",
        "lat": 22.6069,
        "lng": 113.104
    },
    {
        "uid": 9556,
        "name": "Kota Bharu, Kelantan, Malaysia",
        "lat": 6.147431,
        "lng": 102.249236
    },
    {
        "uid": 7221,
        "name": "Jinghong City Jiangnan, Xishuangbanna (西双版纳州景洪市江南)",
        "lat": 22.0019,
        "lng": 100.7939
    },
    {
        "uid": 13047,
        "name": "North/CPC Taoyuan Refinery F5, Taiwan",
        "lat": 25.100133,
        "lng": 121.21266
    },
    {
        "uid": 7225,
        "name": "Dehong Stations, Dehong (德宏州德宏州监测站)",
        "lat": 24.428,
        "lng": 98.5842
    },
    {
        "uid": 14893,
        "name": "Manila US Embassy, Philippines",
        "lat": 14.57711,
        "lng": 120.9778
    },
    {
        "uid": 9843,
        "name": "jiǔlóng zhèn zhèn lóng, Guangzhou (广州九龙镇镇龙)",
        "lat": 23.2783,
        "lng": 113.568
    },
    {
        "uid": 7790,
        "name": "shì sēnlín gōngyè jú, Jian (吉安市森林工业局)",
        "lat": 27.11,
        "lng": 114.9739
    },
    {
        "uid": 7805,
        "name": "fènghuáng guāngxué, Shangrao (上饶凤凰光学)",
        "lat": 28.4622,
        "lng": 117.9511
    },
    {
        "uid": 13505,
        "name": "Tanjung Harapan, Indonesia",
        "lat": 2.83,
        "lng": 117.36
    },
    {
        "uid": 7822,
        "name": "City Monitoring Station, Hengyang (衡阳市监测站)",
        "lat": 26.8919,
        "lng": 112.6006
    },
    {
        "uid": 9493,
        "name": "Batu Pahat, Johor, Malaysia",
        "lat": 1.919323,
        "lng": 102.866618
    },
    {
        "uid": 2593,
        "name": "Jerantut, Pahang, Malaysia",
        "lat": 3.94836,
        "lng": 102.366632
    },
    {
        "uid": 8324,
        "name": "Health Promotion Hospital Sob Pad, Lampang, Thailand (โรงพยาบาลส่งเสริมสุขภาพตำบลบ้านสบป้าด ลำปาง)",
        "lat": 18.2508166,
        "lng": 99.76395
    },
    {
        "uid": 1448,
        "name": "Lishui (丽水)",
        "lat": 28.46763,
        "lng": 119.922796
    },
    {
        "uid": 2610,
        "name": "Kuching, Sarawak, Malaysia",
        "lat": 1.562229,
        "lng": 110.388958
    },
    {
        "uid": 1825,
        "name": "Nakhonsawan Irrigation , Nakhon Sawan, Thailand (โครงการชลประทานนครสวรรค์)",
        "lat": 15.68623,
        "lng": 100.110556
    },
    {
        "uid": 7157,
        "name": "Lì chéngqū cāng hòu lù, Putian (莆田荔城区仓后路)",
        "lat": 25.442,
        "lng": 119.0156
    },
    {
        "uid": 14295,
        "name": "和平新华,  (河源市和平新华)",
        "lat": 24.407083,
        "lng": 114.939138
    },
    {
        "uid": 930,
        "name": "Guangming, Shenzhen (光明区 光明街道)",
        "lat": 22.723285,
        "lng": 114.417292
    },
    {
        "uid": 9497,
        "name": "Temerloh, Pahang, Malaysia",
        "lat": 3.471603,
        "lng": 102.376406
    },
    {
        "uid": 14318,
        "name": "阳东陶然,  (阳江市阳东陶然)",
        "lat": 21.8749,
        "lng": 112.0125
    },
    {
        "uid": 13637,
        "name": "Nong Prajak Public Park, Udon Thani, Thailand (สวนสาธารณะหนองประจักษ์ อุดรธานี)",
        "lat": 17.414174,
        "lng": 102.780926
    },
    {
        "uid": 1867,
        "name": "Municipality Office, Nan, Thailand (สำนักงานเทศบาลเมืองน่าน)",
        "lat": 18.7888833,
        "lng": 100.7763166
    },
    {
        "uid": 11194,
        "name": "FugueiCape, Taiwan",
        "lat": 25.294147,
        "lng": 121.539141
    },
    {
        "uid": 5874,
        "name": "Beigang, Xinyu (新余北岗)",
        "lat": 27.7758,
        "lng": 115.0586
    },
    {
        "uid": 9500,
        "name": "Samalaju, Sarawak, Malaysia",
        "lat": 3.537059,
        "lng": 113.295168
    },
    {
        "uid": 3688,
        "name": "Khonkaen, Thailand (ส่วนอุทกวิทยา สำนักงานทรัพยากรน้ำภาค 4 ขอนแก่น)",
        "lat": 16.44538333,
        "lng": 102.83525
    },
    {
        "uid": 3431,
        "name": "Beihai Industrial Park, Beihai (北海北海工业园)",
        "lat": 21.5233,
        "lng": 109.1778
    },
    {
        "uid": 14267,
        "name": "始兴丹凤,  (韶关市始兴丹凤)",
        "lat": 24.959292,
        "lng": 114.070703
    },
    {
        "uid": 7198,
        "name": "nanjiang No1 middle school, Yulin (玉林南江一中)",
        "lat": 22.6164,
        "lng": 110.1433
    },
    {
        "uid": 7223,
        "name": "Dali City Environmental Monitoring Station, Dali (大理州大理市环境监测站)",
        "lat": 25.7054,
        "lng": 100.1542
    },
    {
        "uid": 2599,
        "name": "Kangar, Perlis, Malaysia",
        "lat": 6.429922,
        "lng": 100.211069
    },
    {
        "uid": 2609,
        "name": "Kapit, Sarawak, Malaysia",
        "lat": 2.014498,
        "lng": 112.92736
    },
    {
        "uid": 1368,
        "name": "Mǎānshān, Guiyang (贵阳马鞍山)",
        "lat": 26.6029,
        "lng": 106.6856
    },
    {
        "uid": 8292,
        "name": "Banjarbaru, Indonesia",
        "lat": -3.475,
        "lng": 114.856
    },
    {
        "uid": 13683,
        "name": "Hưng Yên/Sở TNMT - 437 Nguyễn Văn Linh, Tp Hưng Yên, Vietnam",
        "lat": 20.661683,
        "lng": 106.058761
    },
    {
        "uid": 2479,
        "name": "Yogi, Naha, Okinawa, Japan (那覇那覇市)",
        "lat": 26.2065885,
        "lng": 127.6940118
    },
    {
        "uid": 1633,
        "name": "Qiaotou, Taiwan (橋頭)",
        "lat": 22.757506,
        "lng": 120.305689
    },
    {
        "uid": 7217,
        "name": "City EPA, Lincang (临沧市环保局)",
        "lat": 23.8822,
        "lng": 100.0869
    },
    {
        "uid": 7191,
        "name": "gǎng qū yī xiǎo, Qinzhou (钦州港区一小)",
        "lat": 21.7431,
        "lng": 108.5989
    },
    {
        "uid": 13628,
        "name": "Polytechnic College, Trang, Thailand (วิทยาลัยสารพัดช่างตรัง)",
        "lat": 7.570238,
        "lng": 99.588743
    },
    {
        "uid": 1832,
        "name": "Maesai Health Office, Chiangrai, Thailand (สำนักงานสาธารณสุขอำเภอแม่สาย เชียงราย)",
        "lat": 20.439944444444,
        "lng": 99.913666666667
    },
    {
        "uid": 1646,
        "name": "Taitung, Taiwan (台東)",
        "lat": 22.755358,
        "lng": 121.15045
    },
    {
        "uid": 1659,
        "name": "Magong, Taiwan (馬公)",
        "lat": 23.569031,
        "lng": 119.566158
    },
    {
        "uid": 14466,
        "name": "赤石中学, Shenzhen (深汕合作区 赤石镇)",
        "lat": 22.97944,
        "lng": 115.08611
    },
    {
        "uid": 14332,
        "name": "罗定兴华,  (云浮市罗定兴华)",
        "lat": 22.761743,
        "lng": 111.594533
    },
    {
        "uid": 13662,
        "name": "Trà Vinh/xã Dân Thành, TX Duyên Hải, Vietnam",
        "lat": 9.599143,
        "lng": 106.51985
    },
    {
        "uid": 1863,
        "name": "Wang Yen Subdistrict Administrative, Chachoengsao, Thailand (องค์การบริหารส่วนตำบลวังเย็น)",
        "lat": 13.5885,
        "lng": 101.2863333
    },
    {
        "uid": 5192,
        "name": "Danzhou (儋州)",
        "lat": 19.521134,
        "lng": 109.580811
    },
    {
        "uid": 14219,
        "name": "徐闻海安,  (湛江市徐闻海安)",
        "lat": 20.521388,
        "lng": 110.314666
    },
    {
        "uid": 7206,
        "name": "shì huánbǎo jú jiāng zhōu fēnjú, Chongzuo (崇左市环保局江州分局)",
        "lat": 22.4137,
        "lng": 107.3476
    },
    {
        "uid": 13633,
        "name": "Suphan Buri Provincial Central Stadium, Thailand (สนามกีฬากลางจังหวัดสุพรรณบุรี)",
        "lat": 14.476214,
        "lng": 100.086095
    },
    {
        "uid": 2482,
        "name": "Makiminato, Urasoe, Okinawa, Japan (牧港浦添市)",
        "lat": 26.2674534,
        "lng": 127.7237584
    },
    {
        "uid": 2571,
        "name": "Central, HongKong (中環)",
        "lat": 22.2796569,
        "lng": 114.1719873
    },
    {
        "uid": 4436,
        "name": "Hexizi Station, Sanya (三亚河西子站)",
        "lat": 18.2681,
        "lng": 109.4964
    },
    {
        "uid": 8503,
        "name": "Huai Kon, Chaloem Phra Kiat, Nan, Thailand (ต.ห้วยโก๋น อ.เฉลิมพระเกียรติ จ.น่าน)",
        "lat": 19.5759666,
        "lng": 101.0815166
    },
    {
        "uid": 1829,
        "name": "Natural Resources and Environment Office, Mae Hongson, Thailand (สำนักงานทรัพยากรธรรมชาติและสิ่งแวดล้อมจังหวัดแม่ฮ่องสอน)",
        "lat": 19.30455,
        "lng": 97.97165
    },
    {
        "uid": 4320,
        "name": "Zhongzhuang, Zunyi (遵义忠庄)",
        "lat": 27.6486,
        "lng": 106.8906
    },
    {
        "uid": 13653,
        "name": "Sleman, Indonesia",
        "lat": -7.731,
        "lng": 110.354
    },
    {
        "uid": 14264,
        "name": "增城荔城,  (广州市增城荔城)",
        "lat": 23.2614,
        "lng": 113.8051
    },
    {
        "uid": 7210,
        "name": "Monitoring station, Zhaotong (昭通监测站)",
        "lat": 27.3392,
        "lng": 103.7032
    },
    {
        "uid": 14696,
        "name": "Girls College, Sivasagar, India",
        "lat": 26.987634,
        "lng": 94.636574
    },
    {
        "uid": 13659,
        "name": "Tây Ninh/Thị xã Tràng Bảng, Vietnam",
        "lat": 11.030287,
        "lng": 106.35631
    },
    {
        "uid": 943,
        "name": "Normal Univertsity, Fuzhou (福州师大)",
        "lat": 26.038712,
        "lng": 119.309506
    },
    {
        "uid": 7801,
        "name": "cǎi chá jùtuán, Fuzhoushi (抚州采茶剧团)",
        "lat": 28.0005,
        "lng": 116.3574
    },
    {
        "uid": 6817,
        "name": "City Hall, Chiangmai, Thailand (ศาลากลางเชียงใหม่)",
        "lat": 18.840732,
        "lng": 98.96978
    },
    {
        "uid": 2594,
        "name": "Jalan Tasek, Ipoh, Perak, Malaysia",
        "lat": 4.629444,
        "lng": 101.11665
    },
    {
        "uid": 14240,
        "name": "翁源龙仙,  (韶关市翁源龙仙)",
        "lat": 24.362844,
        "lng": 114.143038
    },
    {
        "uid": 3583,
        "name": "No.8 middle school, Guilin (桂林八中)",
        "lat": 25.2178,
        "lng": 110.2869
    },
    {
        "uid": 2603,
        "name": "Keningau, Sabah, Malaysia",
        "lat": 5.339317,
        "lng": 116.163658
    },
    {
        "uid": 8645,
        "name": "Batam, Indonesia",
        "lat": 1.124,
        "lng": 104.126
    },
    {
        "uid": 2582,
        "name": "Bakar Arang, Sg. Petani, Kedah, Malaysia",
        "lat": 5.629631,
        "lng": 100.467771
    },
    {
        "uid": 9490,
        "name": "Balik Pulau, Pulau Pinang, Malaysia",
        "lat": 5.337598,
        "lng": 100.214721
    },
    {
        "uid": 1817,
        "name": "Na Phralan Police Station Saraburi, Thailand (สถานีตำรวจภูธรหน้าพระลาน สระบุรี)",
        "lat": 14.685833,
        "lng": 100.871996
    },
    {
        "uid": 7554,
        "name": "City Economic Development Zone, Chuxiong (楚雄州市经济开发区)",
        "lat": 25.0492,
        "lng": 101.538
    },
    {
        "uid": 13263,
        "name": "Southern, HongKong (南區)",
        "lat": 22.247461207976,
        "lng": 114.16014010352
    },
    {
        "uid": 14300,
        "name": "紫金紫城,  (河源市紫金紫城)",
        "lat": 23.644268,
        "lng": 115.195303
    },
    {
        "uid": 7164,
        "name": "Sanyuan District Government, Sanming (三明三元区政府)",
        "lat": 26.2378,
        "lng": 117.6028
    },
    {
        "uid": 7201,
        "name": "CPPCC Building, Hezhou (贺州环保小区)",
        "lat": 24.4175,
        "lng": 111.5269
    },
    {
        "uid": 2605,
        "name": "Sandakan, Sabah, Malaysia",
        "lat": 5.864467,
        "lng": 118.091089
    }
]