[
    {
        "uid": 1832,
        "name": "Maesai Health Office, Chiangrai, Thailand (สำนักงานสาธารณสุขอำเภอแม่สาย เชียงราย)",
        "lat": 20.439944444444,
        "lng": 99.913666666667
    },
    {
        "uid": 13683,
        "name": "Hưng Yên/Sở TNMT - 437 Nguyễn Văn Linh, Tp Hưng Yên, Vietnam",
        "lat": 20.661683,
        "lng": 106.058761
    },
    {
        "uid": 12796,
        "name": "Lat Yai,Mueang,Samut Songkhram, Thailand (ต.ลาดใหญ่ อ.เมือง จ.สมุทรสงคราม)",
        "lat": 13.428581,
        "lng": 100.024664
    },
    {
        "uid": 9450,
        "name": "Chiangrai - Gaia Station 01, Thailand",
        "lat": 19.687157,
        "lng": 100.19024
    },
    {
        "uid": 14472,
        "name": "小漠子站, Shenzhen (深汕合作区 小漠镇)",
        "lat": 22.78084,
        "lng": 115.04496
    },
    {
        "uid": 7814,
        "name": "City hopital No 4, Huaihua (怀化市四医院)",
        "lat": 27.5342,
        "lng": 109.9792
    },
    {
        "uid": 2605,
        "name": "Sandakan, Sabah, Malaysia",
        "lat": 5.864467,
        "lng": 118.091089
    },
    {
        "uid": 7783,
        "name": "sānchuān shuǐbiǎo, Yingtan (鹰潭三川水表)",
        "lat": 28.2169,
        "lng": 116.9983
    },
    {
        "uid": 4343,
        "name": "Yangjiang (阳江)",
        "lat": 21.857958,
        "lng": 111.982232
    },
    {
        "uid": 13637,
        "name": "Nong Prajak Public Park, Udon Thani, Thailand (สวนสาธารณะหนองประจักษ์ อุดรธานี)",
        "lat": 17.414174,
        "lng": 102.780926
    },
    {
        "uid": 1548,
        "name": "Huizhou (惠州)",
        "lat": 23.111847,
        "lng": 114.416196
    },
    {
        "uid": 10484,
        "name": "Tangkak, Johor, Malaysia",
        "lat": 2.294794,
        "lng": 102.571595
    },
    {
        "uid": 9496,
        "name": "Rompin, Pahang, Malaysia",
        "lat": 2.926645,
        "lng": 103.419198
    },
    {
        "uid": 5372,
        "name": "Calçada do Poço, Macau (水坑尾區 (水井斜巷))",
        "lat": 22.195833,
        "lng": 113.544722
    },
    {
        "uid": 9492,
        "name": "Segamat, Johor, Malaysia",
        "lat": 2.493914,
        "lng": 102.862694
    },
    {
        "uid": 14298,
        "name": "龙川同德,  (河源市龙川同德)",
        "lat": 24.103725,
        "lng": 115.263852
    },
    {
        "uid": 7201,
        "name": "CPPCC Building, Hezhou (贺州环保小区)",
        "lat": 24.4175,
        "lng": 111.5269
    },
    {
        "uid": 7557,
        "name": "Monitoring station, Honghe (红河州监测站)",
        "lat": 23.4168,
        "lng": 103.386
    },
    {
        "uid": 2623,
        "name": "Kuala Terengganu, Terengganu, Malaysia",
        "lat": 5.308094,
        "lng": 103.120392
    },
    {
        "uid": 13687,
        "name": "Cần Thơ/Ninh Kiều - KTTV - Trạm cảm biến, Vietnam",
        "lat": 10.026977,
        "lng": 105.768249
    },
    {
        "uid": 14324,
        "name": "徐闻东方路,  (湛江市徐闻东方路)",
        "lat": 20.342398,
        "lng": 110.198618
    },
    {
        "uid": 14255,
        "name": "乳源乳城,  (韶关市乳源乳城)",
        "lat": 24.775104,
        "lng": 113.284707
    },
    {
        "uid": 1825,
        "name": "Nakhonsawan Irrigation , Nakhon Sawan, Thailand (โครงการชลประทานนครสวรรค์)",
        "lat": 15.68623,
        "lng": 100.110556
    },
    {
        "uid": 13633,
        "name": "Suphan Buri Provincial Central Stadium, Thailand (สนามกีฬากลางจังหวัดสุพรรณบุรี)",
        "lat": 14.476214,
        "lng": 100.086095
    },
    {
        "uid": 1830,
        "name": "Phrae Meteorological Station, Thailand (สถานีอุตุนิยมวิทยาแพร่)",
        "lat": 18.1283666,
        "lng": 100.1624333
    },
    {
        "uid": 2482,
        "name": "Makiminato, Urasoe, Okinawa, Japan (牧港浦添市)",
        "lat": 26.2674534,
        "lng": 127.7237584
    },
    {
        "uid": 7158,
        "name": "Putian City Stations, Putian (莆田莆田市监测站)",
        "lat": 25.4552,
        "lng": 119.0018
    },
    {
        "uid": 14524,
        "name": "青年创业园, Kunming (昆明青年创业园)",
        "lat": 24.8336,
        "lng": 102.8017
    },
    {
        "uid": 1567,
        "name": "Yuxi (玉溪)",
        "lat": 24.352036,
        "lng": 102.546543
    },
    {
        "uid": 9497,
        "name": "Temerloh, Pahang, Malaysia",
        "lat": 3.471603,
        "lng": 102.376406
    },
    {
        "uid": 14327,
        "name": "高州红荔,  (茂名市高州红荔)",
        "lat": 21.899266,
        "lng": 110.837736
    },
    {
        "uid": 7221,
        "name": "Jinghong City Jiangnan, Xishuangbanna (西双版纳州景洪市江南)",
        "lat": 22.0019,
        "lng": 100.7939
    },
    {
        "uid": 4480,
        "name": "Land Environment and Resources Bureau , Ledongxian (乐东县国土环境资源局)",
        "lat": 18.7422,
        "lng": 109.1777
    },
    {
        "uid": 2479,
        "name": "Yogi, Naha, Okinawa, Japan (那覇那覇市)",
        "lat": 26.2065885,
        "lng": 127.6940118
    },
    {
        "uid": 1656,
        "name": "Puli, Taiwan (埔里)",
        "lat": 23.968842,
        "lng": 120.967903
    },
    {
        "uid": 14241,
        "name": "大埔湖寮,  (梅州市大埔湖寮)",
        "lat": 24.210664,
        "lng": 116.411486
    },
    {
        "uid": 2611,
        "name": "Limbang, Sarawak, Malaysia",
        "lat": 4.758891,
        "lng": 115.013667
    },
    {
        "uid": 14893,
        "name": "Manila US Embassy, Philippines",
        "lat": 14.57711,
        "lng": 120.9778
    },
    {
        "uid": 14297,
        "name": "连平东园,  (河源市连平东园)",
        "lat": 24.366944,
        "lng": 114.492777
    },
    {
        "uid": 3453,
        "name": "No.9 middle school, Liuzhou (柳州市九中)",
        "lat": 24.3663,
        "lng": 109.3957
    },
    {
        "uid": 7835,
        "name": "lián gāng, Loudi (娄底涟钢)",
        "lat": 27.7569,
        "lng": 111.9561
    },
    {
        "uid": 2568,
        "name": "Tung Chung, HongKong (東涌)",
        "lat": 22.288916,
        "lng": 113.9435389
    },
    {
        "uid": 14337,
        "name": "北郊,  (江门市北郊)",
        "lat": 22.2033,
        "lng": 112.3425
    },
    {
        "uid": 7189,
        "name": "City EPA station, Qinzhou (钦州市环保站)",
        "lat": 21.9667,
        "lng": 108.6236
    },
    {
        "uid": 14240,
        "name": "翁源龙仙,  (韶关市翁源龙仙)",
        "lat": 24.362844,
        "lng": 114.143038
    },
    {
        "uid": 9494,
        "name": "Kluang, Johor, Malaysia",
        "lat": 2.037882,
        "lng": 103.312063
    },
    {
        "uid": 13632,
        "name": "Trat Provincial Central Stadium, Thailand (สนามกีฬากลางจังหวัดตราด)",
        "lat": 12.234862,
        "lng": 102.523721
    },
    {
        "uid": 13635,
        "name": "Chom Nan Chaloem Phrakiat Public Park, Thailand (สวนชมน่านเฉลิมพระเกียรติ)",
        "lat": 16.820833,
        "lng": 100.258056
    },
    {
        "uid": 2610,
        "name": "Kuching, Sarawak, Malaysia",
        "lat": 1.562229,
        "lng": 110.388958
    },
    {
        "uid": 14266,
        "name": "坪山田心山,  (深圳市坪山田心山)",
        "lat": 22.667722,
        "lng": 114.377922
    },
    {
        "uid": 12593,
        "name": "Yun-Chia-Nan/Tainan City/Chengxili, Taiwan",
        "lat": 23.0426,
        "lng": 120.1547
    },
    {
        "uid": 1826,
        "name": "Regional Environmental Office 14, Surat Thani, Thailand (สำนักงานสิ่งแวดล้อมภาคที่ 14)",
        "lat": 9.126017,
        "lng": 99.325145
    },
    {
        "uid": 14267,
        "name": "始兴丹凤,  (韶关市始兴丹凤)",
        "lat": 24.959292,
        "lng": 114.070703
    },
    {
        "uid": 1448,
        "name": "Lishui (丽水)",
        "lat": 28.46763,
        "lng": 119.922796
    },
    {
        "uid": 12616,
        "name": "Island/Taipower Shinren, Taiwan",
        "lat": 23.550445,
        "lng": 119.610741
    },
    {
        "uid": 4320,
        "name": "Zhongzhuang, Zunyi (遵义忠庄)",
        "lat": 27.6486,
        "lng": 106.8906
    },
    {
        "uid": 4271,
        "name": "City government, Shanwei (汕尾市政府)",
        "lat": 22.7953,
        "lng": 115.3578
    },
    {
        "uid": 14384,
        "name": "高明更合,  (佛山市高明更合)",
        "lat": 22.8051,
        "lng": 112.5151
    },
    {
        "uid": 3688,
        "name": "Khonkaen, Thailand (ส่วนอุทกวิทยา สำนักงานทรัพยากรน้ำภาค 4 ขอนแก่น)",
        "lat": 16.44538333,
        "lng": 102.83525
    },
    {
        "uid": 9013,
        "name": "Mae Pa,Mae Sot,Tak, Thailand (ต.แม่ปะ อ.แม่สอด จ.ตาก)",
        "lat": 16.734413,
        "lng": 98.566961
    },
    {
        "uid": 1647,
        "name": "Hualien, Taiwan (花蓮)",
        "lat": 23.971306,
        "lng": 121.599769
    },
    {
        "uid": 1865,
        "name": "City Hall, Narathiwat, Thailand (ศาลากลางจังหวัดนราธิวาส)",
        "lat": 6.426853,
        "lng": 101.823388
    },
    {
        "uid": 2597,
        "name": "Seri Manjung, Perak, Malaysia",
        "lat": 4.200344,
        "lng": 100.663358
    },
    {
        "uid": 1657,
        "name": "Matsu, Taiwan (馬祖)",
        "lat": 26.160469,
        "lng": 119.949875
    },
    {
        "uid": 1840,
        "name": "South Bangkok Power Plant, Samut Prakan, Thailand (โรงไฟฟ้าพระนครใต้)",
        "lat": 13.618,
        "lng": 100.5562
    },
    {
        "uid": 1327,
        "name": "Wujialing, Changsha (长沙伍家岭)",
        "lat": 28.2597,
        "lng": 112.9792
    },
    {
        "uid": 2627,
        "name": "Labuan, Wilayah Persekutuan, Malaysia",
        "lat": 5.298107,
        "lng": 115.232106
    },
    {
        "uid": 2591,
        "name": "Balok Baru, Kuantan, Pahang, Malaysia",
        "lat": 3.960644,
        "lng": 103.382158
    },
    {
        "uid": 5253,
        "name": "Land Environment and Resources Bureau, Chengmaixian (澄迈县澄迈国土环境资源局站)",
        "lat": 19.76,
        "lng": 110.006
    },
    {
        "uid": 8640,
        "name": "Lingshui Tufu Bay, Lingshuixian (陵水县陵水土福湾)",
        "lat": 18.403055,
        "lng": 109.818054
    },
    {
        "uid": 7191,
        "name": "gǎng qū yī xiǎo, Qinzhou (钦州港区一小)",
        "lat": 21.7431,
        "lng": 108.5989
    },
    {
        "uid": 7225,
        "name": "Dehong Stations, Dehong (德宏州德宏州监测站)",
        "lat": 24.428,
        "lng": 98.5842
    },
    {
        "uid": 2614,
        "name": "Sarikei, Sarawak, Malaysia",
        "lat": 2.132809,
        "lng": 111.52287
    },
    {
        "uid": 13659,
        "name": "Tây Ninh/Thị xã Tràng Bảng, Vietnam",
        "lat": 11.030287,
        "lng": 106.35631
    },
    {
        "uid": 3422,
        "name": "Tushan Street, Quanzhou (泉州涂山街)",
        "lat": 24.9117,
        "lng": 118.5819
    },
    {
        "uid": 12809,
        "name": "Sikulpuikawn, Aizawl, India",
        "lat": 23.7176342,
        "lng": 92.7192841
    },
    {
        "uid": 14219,
        "name": "徐闻海安,  (湛江市徐闻海安)",
        "lat": 20.521388,
        "lng": 110.314666
    },
    {
        "uid": 3484,
        "name": "Chénghǎizi, Shantou (汕头澄海子站)",
        "lat": 23.4714,
        "lng": 116.7519
    },
    {
        "uid": 7559,
        "name": "lú shuǐ No1 middle shcool, Nujiang (怒江州泸水一中)",
        "lat": 25.8417,
        "lng": 98.8546
    },
    {
        "uid": 13763,
        "name": "Ninh Bình/Cúc Phương, Đông Phong, Nho Quan - KTTV - Trạm cảm biến, Vietnam",
        "lat": 20.320741,
        "lng": 105.745489
    },
    {
        "uid": 1650,
        "name": "Dongshan, Taiwan (冬山)",
        "lat": 24.632203,
        "lng": 121.792928
    },
    {
        "uid": 9014,
        "name": "Tha Tum, Si Maha Phot, Prachin Buri, Thailand (ต.ท่าตูม อ.ศรีมหาโพธิ จ.ปราจีนบุรี)",
        "lat": 13.917563,
        "lng": 101.590529
    },
    {
        "uid": 7819,
        "name": "Chu Hui District Environmental Protection Bureau, Hengyang (衡阳珠晖区环保局)",
        "lat": 26.8956,
        "lng": 112.6211
    },
    {
        "uid": 7913,
        "name": "Lijiang (丽江)",
        "lat": 26.855047,
        "lng": 100.227751
    },
    {
        "uid": 2609,
        "name": "Kapit, Sarawak, Malaysia",
        "lat": 2.014498,
        "lng": 112.92736
    },
    {
        "uid": 1540,
        "name": "Zhuhai (珠海)",
        "lat": 22.270715,
        "lng": 113.576726
    },
    {
        "uid": 9501,
        "name": "Mukah, Sarawak, Malaysia",
        "lat": 2.883238,
        "lng": 112.019742
    },
    {
        "uid": 8634,
        "name": "hóngqí zhōng xuézǐ station, Tunchangxian (屯昌县红旗中学子站)",
        "lat": 19.37706,
        "lng": 110.1108
    },
    {
        "uid": 8688,
        "name": "United Nations International School of Hanoi, Vietnam (Trường Quốc tế Liên Hợp Quốc Hà Nội)",
        "lat": 21.0811211,
        "lng": 105.8180306
    },
    {
        "uid": 1815,
        "name": "Ayutthaya Witthayalai School, Ayutthaya, Thailand (โรงเรียนอยุธยาวิทยาลัย)",
        "lat": 14.35222,
        "lng": 100.565325
    },
    {
        "uid": 13047,
        "name": "North/CPC Taoyuan Refinery F5, Taiwan",
        "lat": 25.100133,
        "lng": 121.21266
    },
    {
        "uid": 7031,
        "name": "Old Town, Heyuan (河源老城)",
        "lat": 23.7233,
        "lng": 114.6892
    },
    {
        "uid": 9493,
        "name": "Batu Pahat, Johor, Malaysia",
        "lat": 1.919323,
        "lng": 102.866618
    },
    {
        "uid": 9556,
        "name": "Kota Bharu, Kelantan, Malaysia",
        "lat": 6.147431,
        "lng": 102.249236
    },
    {
        "uid": 14221,
        "name": "广宁庄前西,  (肇庆市广宁庄前西)",
        "lat": 23.638817,
        "lng": 112.43656
    },
    {
        "uid": 7081,
        "name": "Yongzhou EPA, Yongzhou (永州永州市环保局)",
        "lat": 26.4364,
        "lng": 111.5992
    },
    {
        "uid": 3583,
        "name": "No.8 middle school, Guilin (桂林八中)",
        "lat": 25.2178,
        "lng": 110.2869
    },
    {
        "uid": 2626,
        "name": "Cheras,Kuala Lumpur, Wilayah Persekutuan, Malaysia",
        "lat": 3.106236,
        "lng": 101.717917
    },
    {
        "uid": 5193,
        "name": "Qionghai (琼海)",
        "lat": 19.258404,
        "lng": 110.47465
    },
    {
        "uid": 14253,
        "name": "南雄雄州,  (韶关市南雄雄州)",
        "lat": 25.123573,
        "lng": 114.314717
    },
    {
        "uid": 1626,
        "name": "Taixi, Taiwan (台西)",
        "lat": 23.717533,
        "lng": 120.202842
    },
    {
        "uid": 738,
        "name": "Longwan, Wenzhou (温州市龙湾)",
        "lat": 27.971359,
        "lng": 120.764294
    },
    {
        "uid": 7790,
        "name": "shì sēnlín gōngyè jú, Jian (吉安市森林工业局)",
        "lat": 27.11,
        "lng": 114.9739
    },
    {
        "uid": 13628,
        "name": "Polytechnic College, Trang, Thailand (วิทยาลัยสารพัดช่างตรัง)",
        "lat": 7.570238,
        "lng": 99.588743
    },
    {
        "uid": 1854,
        "name": "Municipal Waste Water Pumping Station, Nakhon Ratchasima, Thailand (สถานีสูบน้ำเสีย เทศบาลนครราชสีมา)",
        "lat": 14.979537,
        "lng": 102.098335
    },
    {
        "uid": 12797,
        "name": "Nai Mueang,Mueang,Ubon Ratchathani , Thailand (ต.ในเมือง อ.เมือง จ.อุบลราชธานี)",
        "lat": 15.245413,
        "lng": 104.846219
    },
    {
        "uid": 14334,
        "name": "新兴南外,  (云浮市新兴南外)",
        "lat": 22.694085,
        "lng": 112.234114
    },
    {
        "uid": 13636,
        "name": "72nd Anniversary King Bhumibol Public Park, Uttaradit, Thailand (สวนมหามงคลเฉลิมพระชนมพรรษา 6 รอบ 5 ธันวาคม 2552 อุตรดิตถ์)",
        "lat": 17.631352,
        "lng": 100.09896
    },
    {
        "uid": 12951,
        "name": "Yun-Chia-Nan/Yunlin City/ Huwei, Taiwan",
        "lat": 23.7133408,
        "lng": 120.4306166
    },
    {
        "uid": 5190,
        "name": "Dongfang (东方)",
        "lat": 19.095361,
        "lng": 108.651775
    },
    {
        "uid": 14320,
        "name": "雷州朝南,  (湛江市雷州朝南)",
        "lat": 20.913124,
        "lng": 110.105929
    },
    {
        "uid": 1868,
        "name": "Provincial Administrative Stadium, Lamphun, Thailand (สนามกีฬาองค์การบริหารส่วนจังหวัดลำพูน)",
        "lat": 18.567194,
        "lng": 99.038639
    },
    {
        "uid": 14525,
        "name": "南苑二区, Qujing (曲靖南苑二区)",
        "lat": 25.462,
        "lng": 103.7947
    },
    {
        "uid": 7223,
        "name": "Dali City Environmental Monitoring Station, Dali (大理州大理市环境监测站)",
        "lat": 25.7054,
        "lng": 100.1542
    },
    {
        "uid": 9499,
        "name": "Kimanis, Sabah, Malaysia",
        "lat": 5.538225,
        "lng": 115.850556
    },
    {
        "uid": 9498,
        "name": "Besut, Terengganu, Malaysia",
        "lat": 5.748449,
        "lng": 102.515632
    },
    {
        "uid": 2581,
        "name": "Alor Setar, Kedah, Malaysia",
        "lat": 6.137244,
        "lng": 100.346815
    },
    {
        "uid": 793,
        "name": "Gāomíng kǒngtáng, Foshan (佛山高明孔堂)",
        "lat": 22.8693,
        "lng": 112.844
    },
    {
        "uid": 14522,
        "name": "质量技术监督局, Diqing (迪庆州质量技术监督局)",
        "lat": 27.8094,
        "lng": 99.7136
    },
    {
        "uid": 2593,
        "name": "Jerantut, Pahang, Malaysia",
        "lat": 3.94836,
        "lng": 102.366632
    },
    {
        "uid": 13051,
        "name": "North/CPC Taoyuan Refinery F1, Taiwan",
        "lat": 25.02726,
        "lng": 121.309392
    },
    {
        "uid": 12582,
        "name": "Central/TaiChung City/Houli, Taiwan",
        "lat": 24.3074,
        "lng": 120.7145
    },
    {
        "uid": 12760,
        "name": "Betong, Thailand (ต.เบตง อ.เบตง จ.ยะลา)",
        "lat": 5.763873,
        "lng": 101.067903
    },
    {
        "uid": 1863,
        "name": "Wang Yen Subdistrict Administrative, Chachoengsao, Thailand (องค์การบริหารส่วนตำบลวังเย็น)",
        "lat": 13.5885,
        "lng": 101.2863333
    },
    {
        "uid": 8632,
        "name": "lù huítóu, Sanya (三亚鹿回头)",
        "lat": 18.219168,
        "lng": 109.49364
    },
    {
        "uid": 1849,
        "name": "General Education Office, Chonburi, Thailand (สำนักงานสามัญศึกษาชลบุรี)",
        "lat": 13.35461667,
        "lng": 100.9792167
    },
    {
        "uid": 1441,
        "name": "Wenzhou (温州)",
        "lat": 27.994267,
        "lng": 120.699367
    },
    {
        "uid": 3490,
        "name": "Qujiang Monitoring Station, Shaoguan (韶关曲江监测站)",
        "lat": 24.68636111,
        "lng": 113.5970833
    },
    {
        "uid": 1376,
        "name": "Taici Bridge, Guiyang (贵阳太慈桥)",
        "lat": 26.5495,
        "lng": 106.6867
    },
    {
        "uid": 8114,
        "name": "Temburong, Brunei",
        "lat": 4.6204128,
        "lng": 115.141484
    },
    {
        "uid": 14290,
        "name": "新会银湖,  (江门市新会银湖)",
        "lat": 22.4656,
        "lng": 113.0486
    },
    {
        "uid": 2624,
        "name": "Paka, Terengganu, Malaysia",
        "lat": 4.598064,
        "lng": 103.434819
    },
    {
        "uid": 13576,
        "name": "Prachuap Khiri Khan - Gaia Station 10, Thailand",
        "lat": 11.80027,
        "lng": 99.790596
    },
    {
        "uid": 8503,
        "name": "Huai Kon, Chaloem Phra Kiat, Nan, Thailand (ต.ห้วยโก๋น อ.เฉลิมพระเกียรติ จ.น่าน)",
        "lat": 19.5759666,
        "lng": 101.0815166
    },
    {
        "uid": 946,
        "name": "Ziyang, Fuzhou (福州紫阳)",
        "lat": 26.076788,
        "lng": 119.324574
    },
    {
        "uid": 14409,
        "name": "梅江月梅,  (梅州市梅江月梅)",
        "lat": 24.3289,
        "lng": 116.1278
    },
    {
        "uid": 2578,
        "name": "Larkin Lama, Johor, Malaysia",
        "lat": 1.494625,
        "lng": 103.735975
    },
    {
        "uid": 1341,
        "name": "Hainan University, Haikou (海口海南大学)",
        "lat": 20.0574,
        "lng": 110.3232
    },
    {
        "uid": 1827,
        "name": "Municipal Health Center 1, Phuket, Thailand (ศูนย์บริการสาธารณสุข 1 กองการแพทย์ เทศบาลนครภูเก็ต)",
        "lat": 7.884488,
        "lng": 98.391283
    },
    {
        "uid": 13658,
        "name": "Đà Nẵng/Hòa Thuận Tây, Hải Châu - KTTV - Trạm cảm biến, Vietnam",
        "lat": 16.043252,
        "lng": 108.206826
    },
    {
        "uid": 14223,
        "name": "高新知青,  (肇庆市高新知青)",
        "lat": 23.309117,
        "lng": 112.818562
    },
    {
        "uid": 4474,
        "name": "City first secondary school sub-station , Danzhou (儋州市第一中学子站)",
        "lat": 19.5088,
        "lng": 109.5037
    },
    {
        "uid": 7164,
        "name": "Sanyuan District Government, Sanming (三明三元区政府)",
        "lat": 26.2378,
        "lng": 117.6028
    },
    {
        "uid": 1333,
        "name": "Běihú, Nanning (南宁北湖)",
        "lat": 22.8561,
        "lng": 108.316
    },
    {
        "uid": 14263,
        "name": "增城派潭,  (广州市增城派潭)",
        "lat": 23.496093,
        "lng": 113.790235
    },
    {
        "uid": 14232,
        "name": "信宜新尚,  (茂名市信宜新尚)",
        "lat": 22.35912,
        "lng": 110.940261
    },
    {
        "uid": 2486,
        "name": "Hirara, Miyakojima, Okinawa, Japan (平良宮古島市)",
        "lat": 24.8035377,
        "lng": 125.2879675
    },
    {
        "uid": 12594,
        "name": "Yun-Chia-Nan/Tainan City/Nanxi, Taiwan",
        "lat": 23.1771,
        "lng": 120.4921
    },
    {
        "uid": 7200,
        "name": "Blood Center, Baise (百色市中心血站)",
        "lat": 23.8844,
        "lng": 106.6527
    },
    {
        "uid": 7210,
        "name": "Monitoring station, Zhaotong (昭通监测站)",
        "lat": 27.3392,
        "lng": 103.7032
    },
    {
        "uid": 2616,
        "name": "Sri Aman, Sarawak, Malaysia",
        "lat": 1.219656,
        "lng": 111.464792
    },
    {
        "uid": 14272,
        "name": "东莞塘厦,  (东莞市东莞塘厦)",
        "lat": 22.808889,
        "lng": 114.068611
    },
    {
        "uid": 14245,
        "name": "连山广德,  (清远市连山广德)",
        "lat": 24.572861,
        "lng": 112.105194
    },
    {
        "uid": 7162,
        "name": "sān gāng, Sanming (三明三钢)",
        "lat": 26.2625,
        "lng": 117.6211
    },
    {
        "uid": 7800,
        "name": "xuèfáng zhàn, Fuzhoushi (抚州血防站)",
        "lat": 27.9639,
        "lng": 116.3598
    },
    {
        "uid": 1552,
        "name": "Guilin (桂林)",
        "lat": 25.273566,
        "lng": 110.290195
    },
    {
        "uid": 7220,
        "name": "City convenient service centers, Wenshan (文山州市便民服务中心)",
        "lat": 23.3892,
        "lng": 104.2319
    },
    {
        "uid": 4436,
        "name": "Hexizi Station, Sanya (三亚河西子站)",
        "lat": 18.2681,
        "lng": 109.4964
    },
    {
        "uid": 1870,
        "name": "Provincial Health Office, Loei, Thailand (สำนักงานสาธารณสุขจังหวัดเลย)",
        "lat": 17.4525229,
        "lng": 101.7272395
    },
    {
        "uid": 14220,
        "name": "丰顺八乡山,  (梅州市丰顺八乡山)",
        "lat": 23.462,
        "lng": 115.5754
    },
    {
        "uid": 1816,
        "name": "Sukhothai Thammathirat Open University, Nonthaburi, Thailand (มหาวิทยาลัยสุโขทัยธรรมาธิราช)",
        "lat": 13.907861,
        "lng": 100.535641
    },
    {
        "uid": 1658,
        "name": "Kinmen, Taiwan (金門)",
        "lat": 24.432133,
        "lng": 118.312256
    },
    {
        "uid": 1831,
        "name": "Knowledge Park, Phayao, Thailand (อุทยานการเรียนรู้กว๊านพะเยา)",
        "lat": 19.200226,
        "lng": 99.893048
    },
    {
        "uid": 14218,
        "name": "罗定罗光,  (云浮市罗定罗光)",
        "lat": 22.578889,
        "lng": 111.342222
    },
    {
        "uid": 7180,
        "name": "yīng huá jiā yuán, Nanning (南宁英华嘉园)",
        "lat": 22.735,
        "lng": 108.328
    },
    {
        "uid": 7204,
        "name": "City EPA station, Hechi (河池市环保站)",
        "lat": 24.6928,
        "lng": 108.054
    },
    {
        "uid": 8117,
        "name": "Pekan Tutong, Brunei",
        "lat": 4.8140524,
        "lng": 114.6608562
    },
    {
        "uid": 2594,
        "name": "Jalan Tasek, Ipoh, Perak, Malaysia",
        "lat": 4.629444,
        "lng": 101.11665
    },
    {
        "uid": 1543,
        "name": "Zhanjiang (湛江)",
        "lat": 21.270702,
        "lng": 110.359387
    },
    {
        "uid": 14646,
        "name": "Hua-Tung/Taitung County/Fengli, Taiwan",
        "lat": 22.73681667,
        "lng": 121.12183611
    },
    {
        "uid": 5874,
        "name": "Beigang, Xinyu (新余北岗)",
        "lat": 27.7758,
        "lng": 115.0586
    },
    {
        "uid": 7219,
        "name": "State Water Authority, Wenshan (文山州州水务局)",
        "lat": 23.3594,
        "lng": 104.2533
    },
    {
        "uid": 14288,
        "name": "开平卫民,  (江门市开平卫民)",
        "lat": 22.382749,
        "lng": 112.713362
    },
    {
        "uid": 7179,
        "name": "Ningde Stations, Ningde (宁德宁德市监测站)",
        "lat": 26.6611,
        "lng": 119.5392
    },
    {
        "uid": 13724,
        "name": "PWD Juction, Kohima, India",
        "lat": 25.6635413,
        "lng": 94.0989878
    },
    {
        "uid": 3432,
        "name": "New EPA, Beihai (北海新市环保局)",
        "lat": 21.4661,
        "lng": 109.0981
    },
    {
        "uid": 14247,
        "name": "连南城东,  (清远市连南城东)",
        "lat": 24.728972,
        "lng": 112.282027
    },
    {
        "uid": 14696,
        "name": "Girls College, Sivasagar, India",
        "lat": 26.987634,
        "lng": 94.636574
    },
    {
        "uid": 7174,
        "name": "Longyan City Stations, Longyan (龙岩龙岩市监测站)",
        "lat": 25.1035,
        "lng": 117.0216
    },
    {
        "uid": 9857,
        "name": "xīnshì fǔ, Yunfu (云浮新市府)",
        "lat": 22.9169,
        "lng": 112.0392
    },
    {
        "uid": 14230,
        "name": "怀集三江口,  (肇庆市怀集三江口)",
        "lat": 23.925704,
        "lng": 112.173061
    },
    {
        "uid": 7206,
        "name": "shì huánbǎo jú jiāng zhōu fēnjú, Chongzuo (崇左市环保局江州分局)",
        "lat": 22.4137,
        "lng": 107.3476
    },
    {
        "uid": 12759,
        "name": "Mueang, Nakhon Pathom, Thailand (ต.นครปฐม อ.เมือง จ.นครปฐม)",
        "lat": 13.832076,
        "lng": 100.057961
    },
    {
        "uid": 7172,
        "name": "nánpíng qī zhōng, Nanping (南平南平七中)",
        "lat": 26.6272,
        "lng": 118.1756
    },
    {
        "uid": 12795,
        "name": "T.Meechai A.Muang Nongkhai Province, Thailand (ต.มีชัย อ.เมืองหนองคาย จ.หนองคาย)",
        "lat": 17.87748,
        "lng": 102.728925
    },
    {
        "uid": 1821,
        "name": "Field Crop Research Center, Rayong, Thailand (ศูนย์วิจัยพืชไร่ระยอง)",
        "lat": 12.73518333,
        "lng": 101.13565
    },
    {
        "uid": 14291,
        "name": "佛冈沿江,  (清远市佛冈沿江)",
        "lat": 23.8825,
        "lng": 113.5238
    },
    {
        "uid": 14239,
        "name": "新丰丰城,  (韶关市新丰丰城)",
        "lat": 24.064879,
        "lng": 114.232013
    },
    {
        "uid": 7793,
        "name": "bīnláng shuǐ yè, Yichun (宜春槟榔水业)",
        "lat": 27.8036,
        "lng": 114.3442
    },
    {
        "uid": 2607,
        "name": "Bintulu, Sarawak, Malaysia",
        "lat": 3.177084,
        "lng": 113.041091
    },
    {
        "uid": 5248,
        "name": "City Land Resources Bureau office environment , Wenchang (文昌市国土环境资局办公楼)",
        "lat": 19.5508,
        "lng": 110.802
    },
    {
        "uid": 4260,
        "name": "City Environmental Monitoring Station, Zhanjiang (湛江市环境监测站)",
        "lat": 21.2228,
        "lng": 110.3928
    },
    {
        "uid": 1323,
        "name": "High-tech Zone EPA, Changsha (长沙高开区环保局)",
        "lat": 28.2189,
        "lng": 112.8872
    },
    {
        "uid": 9843,
        "name": "jiǔlóng zhèn zhèn lóng, Guangzhou (广州九龙镇镇龙)",
        "lat": 23.2783,
        "lng": 113.568
    },
    {
        "uid": 7832,
        "name": "City EPA, Chenzhou (郴州市环保局)",
        "lat": 25.7759,
        "lng": 113.0348
    },
    {
        "uid": 12618,
        "name": "Kao-ping/CPC Linyuan Q1, Taiwan",
        "lat": 22.48904,
        "lng": 120.409161
    },
    {
        "uid": 1817,
        "name": "Na Phralan Police Station Saraburi, Thailand (สถานีตำรวจภูธรหน้าพระลาน สระบุรี)",
        "lat": 14.685833,
        "lng": 100.871996
    },
    {
        "uid": 5254,
        "name": "Commission compound Archives , Lingaoxian (临高县委大院档案馆)",
        "lat": 19.91205,
        "lng": 109.69053
    },
    {
        "uid": 1829,
        "name": "Natural Resources and Environment Office, Mae Hongson, Thailand (สำนักงานทรัพยากรธรรมชาติและสิ่งแวดล้อมจังหวัดแม่ฮ่องสอน)",
        "lat": 19.30455,
        "lng": 97.97165
    },
    {
        "uid": 14521,
        "name": "官渡区博物馆, Kunming (昆明官渡区博物馆)",
        "lat": 25.0119,
        "lng": 102.749
    },
    {
        "uid": 13802,
        "name": "Naharlagun, Naharlagun, India",
        "lat": 27.103358,
        "lng": 93.679645
    },
    {
        "uid": 2618,
        "name": "Kuala Selangor, Selangor, Malaysia",
        "lat": 3.321308,
        "lng": 101.256242
    },
    {
        "uid": 2595,
        "name": "Kg. Air Putih, Taiping, Perak, Malaysia",
        "lat": 4.89885,
        "lng": 100.679106
    },
    {
        "uid": 1649,
        "name": "Yilan, Taiwan (宜蘭)",
        "lat": 24.747917,
        "lng": 121.746394
    },
    {
        "uid": 1586,
        "name": "Keelung, Taiwan (基隆)",
        "lat": 25.129167,
        "lng": 121.760056
    },
    {
        "uid": 1302,
        "name": "Gulangyu, Xiamen (厦门鼓浪屿)",
        "lat": 24.445833333,
        "lng": 118.06361111
    },
    {
        "uid": 7208,
        "name": "City EPA, Baoshan (保山市环保局)",
        "lat": 25.1328,
        "lng": 99.1711
    },
    {
        "uid": 7217,
        "name": "City EPA, Lincang (临沧市环保局)",
        "lat": 23.8822,
        "lng": 100.0869
    },
    {
        "uid": 1660,
        "name": "Guanshan, Taiwan (關山)",
        "lat": 23.045083,
        "lng": 121.161933
    },
    {
        "uid": 7806,
        "name": "BDA Management Committe, Shangrao (上饶开发区管委会)",
        "lat": 28.4303,
        "lng": 117.9033
    },
    {
        "uid": 14312,
        "name": "惠来惠城,  (揭阳市惠来惠城)",
        "lat": 23.036388,
        "lng": 116.289722
    },
    {
        "uid": 14300,
        "name": "紫金紫城,  (河源市紫金紫城)",
        "lat": 23.644268,
        "lng": 115.195303
    },
    {
        "uid": 14357,
        "name": "四会威整,  (肇庆市四会威整)",
        "lat": 24.6969,
        "lng": 115.1909
    },
    {
        "uid": 14332,
        "name": "罗定兴华,  (云浮市罗定兴华)",
        "lat": 22.761743,
        "lng": 111.594533
    },
    {
        "uid": 1645,
        "name": "Hengchun, Taiwan (恆春)",
        "lat": 21.958069,
        "lng": 120.788928
    },
    {
        "uid": 2586,
        "name": "Bandaraya Melaka, Melaka, Malaysia",
        "lat": 2.190936,
        "lng": 102.257058
    },
    {
        "uid": 2588,
        "name": "Nilai, Negeri Sembilan, Malaysia",
        "lat": 2.821692,
        "lng": 101.811486
    },
    {
        "uid": 12581,
        "name": "Central/TaiChung City/Dali, Taiwan",
        "lat": 24.095895,
        "lng": 120.686413
    },
    {
        "uid": 7798,
        "name": "tóng yuán dǎng xī, Fuzhoushi (抚州桐源党溪)",
        "lat": 28.0797,
        "lng": 116.2239
    },
    {
        "uid": 7554,
        "name": "City Economic Development Zone, Chuxiong (楚雄州市经济开发区)",
        "lat": 25.0492,
        "lng": 101.538
    },
    {
        "uid": 14526,
        "name": "曲靖师范学院, Qujing (曲靖曲靖师范学院)",
        "lat": 25.5261,
        "lng": 103.7444
    },
    {
        "uid": 14234,
        "name": "高栏港,  (珠海市高栏港)",
        "lat": 21.9391,
        "lng": 113.2308
    },
    {
        "uid": 13629,
        "name": "Elderly Health Rehabilitation Center, Thailand (ศูนย์ฟื้นฟูสุขภาพผู้สูงอายุ)",
        "lat": 8.426923,
        "lng": 99.961469
    },
    {
        "uid": 5506,
        "name": "Viet Tri, Vietnam (Tp Việt Trì)",
        "lat": 21.33847,
        "lng": 105.3673
    },
    {
        "uid": 13762,
        "name": "Gia Lai/Phù Đổng, Thành phố Pleiku - KTTV - Trạm cảm biến, Vietnam",
        "lat": 13.968848,
        "lng": 108.017617
    },
    {
        "uid": 10481,
        "name": "Pak Prak, Kanchanaburi, Kanchanaburi, Thailand (ต.ปากแพรก อ.เมือง จ.กาญจนบุรี)",
        "lat": 14.022376,
        "lng": 99.536195
    },
    {
        "uid": 7837,
        "name": "City Monitoring Station, Loudi (娄底市监测站)",
        "lat": 27.725,
        "lng": 111.9975
    },
    {
        "uid": 3609,
        "name": "Renhe, Panzhihua (攀枝花仁和)",
        "lat": 26.5017,
        "lng": 101.7453
    },
    {
        "uid": 13630,
        "name": "Meteorological stations, Nakhon Phanom, Thailand (สถานีอุตุนิยมวิทยานครพนม)",
        "lat": 17.412345,
        "lng": 104.7786123
    },
    {
        "uid": 7185,
        "name": "lóng xīn, Wuzhou (梧州龙新)",
        "lat": 23.4794,
        "lng": 111.26
    },
    {
        "uid": 11194,
        "name": "FugueiCape, Taiwan",
        "lat": 25.294147,
        "lng": 121.539141
    },
    {
        "uid": 7195,
        "name": "hé chéngzi zhàn, Guigang (贵港荷城子站)",
        "lat": 23.1036,
        "lng": 109.5683
    },
    {
        "uid": 2606,
        "name": "Tawau, Sabah, Malaysia",
        "lat": 4.249786,
        "lng": 117.935864
    },
    {
        "uid": 1662,
        "name": "North, Singapore",
        "lat": 1.4296436,
        "lng": 103.7960862
    },
    {
        "uid": 13631,
        "name": "Meteorological stations, Sakon Nakhon, Thailand (สถานีอุตุนิยมวิทยาสกลนคร)",
        "lat": 17.15662,
        "lng": 104.133216
    },
    {
        "uid": 8322,
        "name": "Health Promotion Hospital Ban Khao Hin,Chonburi, Thailand (โรงพยาบาลส่งเสริมสุขภาพตำบลบ้านเขาหิน ชลบุรี)",
        "lat": 13.054551,
        "lng": 101.098128
    },
    {
        "uid": 8324,
        "name": "Health Promotion Hospital Sob Pad, Lampang, Thailand (โรงพยาบาลส่งเสริมสุขภาพตำบลบ้านสบป้าด ลำปาง)",
        "lat": 18.2508166,
        "lng": 99.76395
    },
    {
        "uid": 1612,
        "name": "Sanyi, Taiwan (三義)",
        "lat": 24.382942,
        "lng": 120.758833
    },
    {
        "uid": 14304,
        "name": "兴宁南坛,  (梅州市兴宁南坛)",
        "lat": 24.81406,
        "lng": 115.435232
    },
    {
        "uid": 7825,
        "name": "shì huàgōng chǎng, Shaoyang (邵阳市化工厂)",
        "lat": 27.2582,
        "lng": 111.4908
    },
    {
        "uid": 9490,
        "name": "Balik Pulau, Pulau Pinang, Malaysia",
        "lat": 5.337598,
        "lng": 100.214721
    },
    {
        "uid": 14322,
        "name": "遂溪建设,  (湛江市遂溪建设)",
        "lat": 21.382778,
        "lng": 110.247778
    },
    {
        "uid": 7028,
        "name": "Ronggui street committee, Foshan (佛山容桂街道办)",
        "lat": 22.7629,
        "lng": 113.257
    },
    {
        "uid": 14248,
        "name": "连州城西,  (清远市连州城西)",
        "lat": 24.782297,
        "lng": 112.365836
    },
    {
        "uid": 14319,
        "name": "阳西城区,  (阳江市阳西城区)",
        "lat": 21.756039,
        "lng": 111.613483
    },
    {
        "uid": 14641,
        "name": "Thái Bình/Trạm quan trắc khí tại Thái Thụy, Vietnam",
        "lat": 20.461641,
        "lng": 106.516972
    },
    {
        "uid": 3756,
        "name": "Okinawa, Japan (国設辺戸岬酸性雨国頭郡国頭村)",
        "lat": 26.745635,
        "lng": 128.1779073
    },
    {
        "uid": 4338,
        "name": "Chaozhou (潮州)",
        "lat": 23.65695,
        "lng": 116.622604
    },
    {
        "uid": 7776,
        "name": "Municipal Garage, Pingxiang (萍乡市政府车库)",
        "lat": 27.6231,
        "lng": 113.8447
    },
    {
        "uid": 9500,
        "name": "Samalaju, Sarawak, Malaysia",
        "lat": 3.537059,
        "lng": 113.295168
    },
    {
        "uid": 2589,
        "name": "Port Dickson, Negeri Sembilan, Malaysia",
        "lat": 2.441383,
        "lng": 101.866858
    },
    {
        "uid": 14302,
        "name": "平远大道,  (梅州市平远大道)",
        "lat": 24.334994,
        "lng": 115.533932
    },
    {
        "uid": 7785,
        "name": "de wěi, Ganzhou (赣州地委)",
        "lat": 25.8664,
        "lng": 114.9367
    },
    {
        "uid": 1337,
        "name": "District Agricultural Vocational College, Nanning (南宁区农职院)",
        "lat": 22.8464,
        "lng": 108.239
    },
    {
        "uid": 2599,
        "name": "Kangar, Perlis, Malaysia",
        "lat": 6.429922,
        "lng": 100.211069
    },
    {
        "uid": 1823,
        "name": "Lampang Meteorological Station, Thailand (สถานีอุตุนิยมวิทยาลำปาง)",
        "lat": 18.2783333,
        "lng": 99.5064666
    },
    {
        "uid": 1828,
        "name": "Natural Resources and Environment Office, Chiangrai, Thailand (สำนักงานทรัพยากรธรรมชาติและสิ่งแวดล้อมจังหวัดเชียงราย)",
        "lat": 19.909217,
        "lng": 99.823467
    },
    {
        "uid": 2600,
        "name": "Perai, Pulau Pinang, Malaysia",
        "lat": 5.329358,
        "lng": 100.443475
    },
    {
        "uid": 2487,
        "name": "Yonagusuku, Okinawa, Japan (西原中頭郡西原町)",
        "lat": 26.2218696,
        "lng": 127.7578608
    },
    {
        "uid": 14314,
        "name": "揭西河婆,  (揭阳市揭西河婆)",
        "lat": 23.451721,
        "lng": 115.861473
    },
    {
        "uid": 5191,
        "name": "Wuzhishan (五指山)",
        "lat": 18.775147,
        "lng": 109.516925
    },
    {
        "uid": 7029,
        "name": "Dongpu, Heyuan (河源东埔)",
        "lat": 23.7586,
        "lng": 114.6944
    },
    {
        "uid": 7198,
        "name": "nanjiang No1 middle school, Yulin (玉林南江一中)",
        "lat": 22.6164,
        "lng": 110.1433
    },
    {
        "uid": 4473,
        "name": "City Peoples Hospital , Qionghai (琼海市人民医院)",
        "lat": 19.24888,
        "lng": 110.4687
    },
    {
        "uid": 6817,
        "name": "City Hall, Chiangmai, Thailand (ศาลากลางเชียงใหม่)",
        "lat": 18.840732,
        "lng": 98.96978
    },
    {
        "uid": 7780,
        "name": "xīn jiāncè zhàn, Yingtan (鹰潭新监测站)",
        "lat": 28.2642,
        "lng": 117.0564
    },
    {
        "uid": 13263,
        "name": "Southern, HongKong (南區)",
        "lat": 22.247461207976,
        "lng": 114.16014010352
    },
    {
        "uid": 2615,
        "name": "Sibu, Sarawak, Malaysia",
        "lat": 2.314408,
        "lng": 111.831916
    },
    {
        "uid": 14323,
        "name": "吴川梅岭,  (湛江市吴川梅岭)",
        "lat": 21.447128,
        "lng": 110.786367
    },
    {
        "uid": 7827,
        "name": "City EPA, Shaoyang (邵阳市环保局)",
        "lat": 27.2272,
        "lng": 111.4328
    },
    {
        "uid": 2612,
        "name": "Miri, Sarawak, Malaysia",
        "lat": 4.424679,
        "lng": 114.012426
    },
    {
        "uid": 2604,
        "name": "Kota Kinabalu, Sabah, Malaysia",
        "lat": 5.89372,
        "lng": 116.04327
    },
    {
        "uid": 14518,
        "name": "Puer No2 middle school, Puer (普洱普洱第二中学)",
        "lat": 22.8322,
        "lng": 100.9817
    }
]